name,email,purchase_amount
John Smith,john.smith@email.com,45.5
Mary Johnson,mary.johnson@email.com,120.0
David Brown,david.brown@email.com,75.25
Sarah Wilson,sarah.wilson@email.com,89.99
Michael Davis,michael.davis@email.com,150.0
James Miller,james.miller@email.com,42.75
Linda Wilson,linda.wilson@email.com,65.0
Robert Moore,robert.moore@email.com,210.5
Patricia Taylor,patricia.taylor@email.com,35.99
Charles Anderson,charles.anderson@email.com,99.95
Barbara Thomas,barbara.thomas@email.com,55.5
Daniel Jackson,daniel.jackson@email.com,80.0
Jennifer White,jennifer.white@email.com,125.75
Steven Harris,steven.harris@email.com,0.0
Karen Martin,karen.martin@email.com,95.5
Brian Thompson,brian.thompson@email.com,60.25
Lisa Garcia,lisa.garcia@email.com,110.0
